company,website,focus,region,keywords
ERSG,https://www.ersg-global.com/,Renewable Energy Recruitment (Wind/Solar/Grid),Europe / Global,renewables; offshore wind; onshore wind; solar; grid; staffing
Taylor Hopkinson,https://www.taylorhopkinson.com/,Offshore Wind & Renewables Recruitment / Global Mobility,Europe / Global,offshore wind recruitment; global mobility; renewables staffing
Spencer Ogden,https://www.spencer-ogden.com/,Energy & Sustainability Recruitment,Europe / Global,energy recruitment; renewables; offshore wind; solar; grid
EarthStream Global,https://www.earthstreamglobal.com/,"Renewables, Power & Grid Recruitment",Europe / Global,renewables recruitment; power & grid; offshore wind; hydrogen
JD Ross Energy,https://www.jdrossenergy.com/,Renewable Energy Recruitment,Europe / Global,renewable energy recruitment; wind; solar; storage
The Green Recruitment Company,https://www.greenrecruitmentcompany.com/,Green Energy & Technology Recruitment,Europe / Global,green energy recruitment; renewables; clean tech
Piper Maddox,https://www.pipermaddox.com/,Clean Energy & CleanTech Recruitment,Europe / Global,clean energy recruitment; hydrogen; solar; grid
LSP Renewables,https://www.lsprenewables.com/,Renewable Energy Recruitment (Wind/Solar/Transmission),Europe / Global,offshore wind; onshore wind; solar; transmission; green hydrogen
VIQU Energy,https://viquenergy.com/,Utilities & Energy Recruitment,Europe (UK),energy recruitment; utilities; offshore wind; renewables
WTS Energy,https://www.wtsenergy.com/,Energy Recruitment & Manpower Services,Europe / Global,wind; renewable energy; oil & gas; project staffing
Nolan Recruitment,https://www.nolanrecruitment.com/,Offshore Wind & Renewable Energy Recruitment,Europe (UK),offshore wind recruitment; energy management; renewables
Airswift,https://www.airswift.com/,Energy Recruitment & Workforce Solutions,Europe / UAE / Global,offshore wind; oil & gas; EPC staffing; EoR
NES Fircroft,https://www.nesfircroft.com/,Technical Recruitment & Workforce Solutions (Energy),Europe / Global,wind; renewables; oil & gas; engineering staffing
Orion Group,https://www.orionjobs.com/,Energy & Engineering Recruitment,Europe / Global,oil & gas; renewables; offshore; engineering
WRS (Worldwide Recruitment Solutions),https://www.worldwide-rs.com/,Energy & Renewables Recruitment,Europe / Global,renewables; offshore; marine; EPC recruitment
Petroplan,https://www.petroplan.com/,Oil & Gas / Energy Transition Recruitment,Europe / Global,oil & gas recruitment; EPC; maintenance
Brunel,https://www.brunel.net/en,Engineering & Energy Workforce Solutions,Europe / Global,engineering staffing; energy; offshore; projects
TRS Staffing Solutions,https://www.trsstaffing.com/,EPC / Energy Staffing,Europe / Global,EPC staffing; engineering recruitment; construction
Progressive (SThree),https://www.progressiverecruitment.com/,STEM Recruitment (Engineering/Energy),Europe / Global,engineering recruitment; energy contractors; EPC
Morson Talent,https://www.morson.com/,Energy / Engineering Recruitment,Europe (UK),energy staffing; engineering; infrastructure
Matchtech,https://www.matchtech.com/,Engineering Recruitment (incl. energy/infrastructure),Europe (UK),engineering staffing; construction; infrastructure
Rullion,https://www.rullion.co.uk/,Energy & Infrastructure Recruitment,Europe (UK),energy recruitment; power; engineering; infrastructure
Capita Resourcing (energy projects),https://www.capita.com/,Workforce solutions (incl. infrastructure/energy),Europe (UK),workforce solutions; engineering; infrastructure
Gattaca,https://www.gattacaplc.com/,Engineering & Energy Recruitment group,Europe (UK),engineering recruitment; infrastructure; energy
Aston Carter,https://www.astoncarter.com/,Professional staffing (engineering/projects),Europe / Global,staffing; project services; engineering
Hays,https://www.hays.com/,Recruitment (incl. energy & construction),Europe / Global,recruitment; contractors; construction; energy
Robert Walters,https://www.robertwaltersgroup.com/,Professional recruitment (incl. energy),Europe / Global,recruitment; talent acquisition
PageGroup (Michael Page),https://www.page.com/,Recruitment (incl. energy/engineering),Europe / Global,recruitment; talent solutions
Randstad,https://www.randstad.com/,Staffing & HR services (incl. industry),Europe / Global,staffing; workforce solutions; industrial
Adecco,https://www.adecco.com/,Workforce Solutions,Europe / Global,staffing; industrial recruitment; engineering
ManpowerGroup,https://www.manpowergroup.com/,Workforce Solutions,Europe / Global,manpower; staffing; workforce solutions
GI Group,https://www.gigroup.com/,Staffing & HR services,Europe / Global,workforce solutions; industrial staffing
Kelly Services,https://www.kellyservices.com/,Staffing (incl. engineering),Europe / Global,staffing; engineering; technical
Allegis Group,https://www.allegisgroup.com/,Staffing group (engineering/tech),Europe / NA / Global,staffing; engineering; workforce
Adeptis Group,https://www.adeptisgroup.com/,Tech recruitment (adjacent),Europe,recruitment; talent
SThree,https://www.sthree.com/,STEM Staffing,Europe / Global,STEM recruitment; engineering contractors
Atlas Professionals,https://www.atlasprofessionals.com/,Offshore Wind & Marine Crewing,Europe / Global,offshore crewing; marine staffing; offshore wind
Faststream Recruitment,https://www.faststream.com/,"Maritime, Shipping & Energy Recruitment",Europe / Global,offshore crew recruitment; maritime recruitment; energy jobs
Oceanwide,https://oceanwidecrew.com/,Maritime & Energy Recruitment / HR services,Europe (NL),maritime recruitment; energy staffing; offshore
Seamariner,https://seamariner.com/,Marine Recruitment,Europe (UK),marine recruitment; offshore jobs
Clyde Marine Recruitment,https://www.clydemarine.com/,Maritime Recruitment,Europe (UK),marine recruitment; seafarers; offshore
Navis Consulting,https://www.navisconsulting.com/,Maritime & Cruise Recruitment,Europe (UK),maritime recruitment; offshore
Spinnaker Global,https://spinnaker-global.com/,Maritime & Shipping Recruitment,Europe (UK),shipping recruitment; maritime
V Group (VHR),https://www.v-hr.com/,Technical recruitment (Aerospace/Rail/Engineering),Europe / Global,engineering recruitment; contractors
Fircroft (brand under NES),https://www.nesfircroft.com/,Oil & Gas Recruitment,Europe / Global,oil & gas recruitment; offshore; refinery
Kintec Global,https://www.kintecglobal.com/,Energy Recruitment (O&G/EPC),Europe,oil & gas recruitment; EPC staffing
Leap29,https://www.leap29.com/,Energy Recruitment,Europe / Global,oil & gas; renewables; EPC staffing
Airswift Oil & Gas,https://www.airswift.com/our-industries/energy/oil-gas,Oil & Gas Recruitment & Staffing,Europe / UAE / Global,oil & gas staffing; maintenance; shutdowns
NES Oil & Gas,https://www.nesfircroft.com/industries/upstream-oil-gas-recruitment/,Oil & Gas Recruitment,Europe / Global,upstream; downstream; LNG staffing
WTS Energy Oil & Gas,https://www.wtsenergy.com/recruitment-and-manpower-services/oil-and-gas/,Oil & Gas Recruitment & Manpower,Europe / Global,oil & gas; manpower services
NES EPC,https://www.nesfircroft.com/industries/engineering/,Engineering & EPC Recruitment,Europe / Global,EPC; engineering staffing; commissioning
Pertemps,https://www.pertemps.co.uk/,Staffing (incl. industrial/engineering),Europe (UK),industrial staffing; engineering recruitment
Search Consultancy,https://www.search.co.uk/,Recruitment (incl. construction/engineering),Europe (UK),construction recruitment; engineering staffing
NES Construction,https://www.nesfircroft.com/industries/,Construction & Project Staffing,Europe / Global,construction staffing; EPC
Holt Engineering Recruitment,https://www.holtengineering.com/,Engineering Recruitment,Europe (UK),engineering recruitment; fabrication
Forward Construction Agency,https://www.forwardconstructionagency.com/,Construction Recruitment,Europe (UK),construction recruitment; labour supply
Optima Site Solutions,https://www.optimasitesolutions.com/,Construction & M&E Labour Supply,Europe (UK),construction labour; M&E; manpower
VGC Group,https://vgcgroup.co.uk/,Construction & Infrastructure Recruitment,Europe (UK),infrastructure staffing; construction recruitment
Ganymede Solutions,https://www.ganymedesolutions.co.uk/,Infrastructure & Engineering recruitment,Europe (UK),infrastructure; engineering recruitment
Bilfinger,https://www.bilfinger.com/en/,Industrial services (maintenance/insulation/coatings),Europe,industrial services; maintenance; coatings; energy
Altrad,https://www.altrad.com/,Industrial services (incl. energy),Europe,industrial services; maintenance; oil & gas; power
KAEFER,https://www.kaefer.com/,"Industrial insulation, access, surface protection",Europe / Global,industrial services; surface protection; PFP
BrandSafway,https://www.brandsafway.com/,Industrial services (access/insulation/coatings),Europe / Global,industrial services; coatings; oil & gas; offshore
Wood,https://www.woodplc.com/,Engineering & project services (energy),Europe / Global,engineering; EPCm; oil & gas; renewables
Worley,https://www.worley.com/,Energy EPC & services,Europe / Global,EPC; energy transition; oil & gas
Fluor,https://www.fluor.com/,EPC contractor (energy/industry),Europe / Global,EPC; construction; energy
Technip Energies,https://www.technipenergies.com/,EPC (energy transition/LNG),Europe / Global,EPC; LNG; hydrogen
Saipem,https://www.saipem.com/,EPC (offshore/energy),Europe / Global,offshore EPC; marine construction
Subsea 7,https://www.subsea7.com/,Subsea EPC / Offshore construction,Europe / Global,subsea construction; offshore wind
DEME,https://www.deme-group.com/,Offshore energy / dredging,Europe,offshore wind; marine construction
Van Oord,https://www.vanoord.com/,Marine contractor / offshore wind,Europe,offshore wind; marine construction
Boskalis,https://www.boskalis.com/,Marine contractor / offshore energy,Europe,marine construction; offshore energy
Heerema Marine Contractors,https://heerema.com/,Offshore installation contractor,Europe,offshore installation; heavy lift
Sapura Energy Services (global contractor),https://www.sapenergy.com/,Offshore services (EPC/Marine),Europe / Global,offshore services; marine
Babcock International,https://www.babcockinternational.com/,Engineering services (energy/defence),Europe (UK),engineering services; infrastructure
Balfour Beatty,https://www.balfourbeatty.com/,Infrastructure & power projects,Europe (UK),infrastructure; power; construction
STRABAG,https://www.strabag.com/,Construction & infrastructure services,Europe,infrastructure; construction
Skanska,https://www.skanska.com/,Construction & infrastructure,Europe,infrastructure; construction
Ferrovial,https://www.ferrovial.com/,Infrastructure & services,Europe,infrastructure; energy services
VINCI Energies,https://www.vinci-energies.com/,Energy & ICT services,Europe,energy services; utilities
SPIE,https://www.spie.com/,Multi-technical services (energy),Europe,energy services; maintenance; utilities
Dalkia,https://www.dalkia.com/,Energy services,Europe,energy services; utilities
Engie Solutions,https://www.engie-solutions.com/,Energy & facilities services,Europe,energy services; maintenance
CBRE Global Workplace Solutions,https://www.cbre.com/services/global-workplace-solutions,Energy/industrial FM services,Europe / Global,industrial services; maintenance
ISS Facility Services,https://www.issworld.com/,Facility & industrial services,Europe / Global,industrial services; utilities
Sodexo (technical services),https://www.sodexo.com/,Facilities & services,Europe / Global,facility services; energy management
Aldwych International,https://www.aldwychint.com/,Engineering & Energy Recruitment,Europe (UK),engineering recruitment; energy; EPC
Aegis Engineering Recruitment,https://www.aegisrecruitment.co.uk/,Engineering Recruitment,Europe (UK),engineering recruitment; manufacturing; industrial
Blueprint Recruitment,https://www.blueprintrecruit.com/,Engineering Recruitment,Europe (UK),engineering recruitment; construction; infrastructure
Carrington West,https://www.carringtonwest.com/,Infrastructure & Built Environment Recruitment,Europe (UK),infrastructure recruitment; rail; highways
Navitas,https://navitasrecruitment.com/,Engineering Recruitment,Europe (UK),engineering recruitment; technical staffing
Mackinnon Bruce International,https://mackinnonbruce.com/,Industrial & Energy Executive Search,Europe,energy; industrial; executive search
Samuel Knight International,https://www.samuelknight.com/,Renewables & Rail Recruitment,Europe,renewables recruitment; offshore wind; grid
PWE Recruitment Group,https://pwe-recruitment.com/,Renewables & Offshore Recruitment,Europe (NL),offshore wind recruitment; marine; renewables
Aldwych,https://www.aldwychint.com/,Engineering & Energy Recruitment,Europe (UK),energy; engineering recruitment
G2 Recruitment,https://www.g2recruitment.com/,Engineering Recruitment,Europe,engineering recruitment; contractors
NES Offshore Wind,https://www.nesfircroft.com/industries/renewable-energy-recruitment/,Offshore wind recruitment,Europe / Global,offshore wind staffing; renewables
Amoria Bond,https://www.amoriabond.com/,Engineering & Technology Recruitment,Europe,engineering staffing; contractors
VHR Global Technical Recruitment,https://www.v-hr.com/,Engineering Recruitment,Europe / Global,engineering contractors
Engineering Talent,https://engineeringtalent.co.uk/,Engineering Recruitment,Europe (UK),engineering recruitment
