domain,source,verified
aarsleff.com,old LeadScout v1 data files,no
aarsleff.dk,old LeadScout v1 data files,no
alfalaval.com,old LeadScout v1 data files,no
alfalaval.dk,old LeadScout v1 data files,no
allu-blast.dk,old LeadScout v1 data files,no
artesgroup.be,old LeadScout v1 data files,no
balfourbeatty.com,old LeadScout v1 data files,no
bam.co.uk,old LeadScout v1 data files,no
bam.com,old LeadScout v1 data files,no
bambelgium.be,old LeadScout v1 data files,no
bamcontractors.be,old LeadScout v1 data files,no
bamnuttall.co.uk,old LeadScout v1 data files,no
beliris.be,old LeadScout v1 data files,no
besix.com,old LeadScout v1 data files,no
bilfinger.com,old LeadScout v1 data files,no
bladt.dk,old LeadScout v1 data files,no
burckhardtcompression.com,old LeadScout v1 data files,no
bwsc.com,old LeadScout v1 data files,no
bwsc.dk,old LeadScout v1 data files,no
cip.com,old LeadScout v1 data files,no
cip.dk,old LeadScout v1 data files,no
cswindoffshore.com,old LeadScout v1 data files,no
cswoffshore.com,old LeadScout v1 data files,no
danfoss.com,old LeadScout v1 data files,no
danskoverfladebehandling.dk,old LeadScout v1 data files,no
deepocean.com,old LeadScout v1 data files,no
deepocean.no,old LeadScout v1 data files,no
democo.be,old LeadScout v1 data files,no
dot-as.dk,old LeadScout v1 data files,no
dot.dk,old LeadScout v1 data files,no
elia.be,old LeadScout v1 data files,no
eliagroup.eu,old LeadScout v1 data files,no
energinet.dk,old LeadScout v1 data files,no
entreprise-gruppen.dk,old LeadScout v1 data files,no
equans.be,old LeadScout v1 data files,no
equans.com,old LeadScout v1 data files,no
exyte.net,old LeadScout v1 data files,no
fayard.dk,old LeadScout v1 data files,no
femern.com,old LeadScout v1 data files,no
femernlink.com,old LeadScout v1 data files,no
femernlinkcontractors.com,old LeadScout v1 data files,no
forcetechnology.com,old LeadScout v1 data files,no
fugro.com,old LeadScout v1 data files,no
gardit.dk,old LeadScout v1 data files,no
gardline.com,old LeadScout v1 data files,no
gea.com,old LeadScout v1 data files,no
geoxyz.eu,old LeadScout v1 data files,no
givesteel.com,old LeadScout v1 data files,no
globalwindservice.com,old LeadScout v1 data files,no
groupmonument.be,old LeadScout v1 data files,no
grundfos.com,old LeadScout v1 data files,no
hellenic-cables.com,old LeadScout v1 data files,no
herning-overflade.dk,old LeadScout v1 data files,no
huisman-nl.com,old LeadScout v1 data files,no
interterminals.com,old LeadScout v1 data files,no
itm-power.com,old LeadScout v1 data files,no
jandenul.com,old LeadScout v1 data files,no
jdrcables.com,old LeadScout v1 data files,no
jks.dk,old LeadScout v1 data files,no
jobat.be,old LeadScout v1 data files,no
jobteam.dk,old LeadScout v1 data files,no
johncockerill.com,old LeadScout v1 data files,no
karstensens.dk,old LeadScout v1 data files,no
kaship.dk,old LeadScout v1 data files,no
kemp-lauritzen.dk,old LeadScout v1 data files,no
kirbygroup.com,old LeadScout v1 data files,no
kkwindsolutions.com,old LeadScout v1 data files,no
lamifil.be,old LeadScout v1 data files,no
lantis.be,old LeadScout v1 data files,no
leforem.be,old LeadScout v1 data files,no
lhoist.com,old LeadScout v1 data files,no
lmwindpower.com,old LeadScout v1 data files,no
lsprenewables.com,old LeadScout v1 data files,no
macgregor.com,old LeadScout v1 data files,no
malerkanonen.dk,old LeadScout v1 data files,no
man-es.com,old LeadScout v1 data files,no
mediwet.be,old LeadScout v1 data files,no
mercuryeng.com,old LeadScout v1 data files,no
mouritsen.com,old LeadScout v1 data files,no
muehlhan-wind-service.com,old LeadScout v1 data files,no
muehlhan.com,old LeadScout v1 data files,no
nelhydrogen.com,old LeadScout v1 data files,no
nesfircroft.com,old LeadScout v1 data files,no
nkt.com,old LeadScout v1 data files,no
norisol.com,old LeadScout v1 data files,no
oceaninfinity.com,old LeadScout v1 data files,no
ofir.dk,old LeadScout v1 data files,no
orskov.dk,old LeadScout v1 data files,no
p-olesen.dk,old LeadScout v1 data files,no
porthosco2.nl,old LeadScout v1 data files,no
powermatch.dk,old LeadScout v1 data files,no
progressiverecruitment.com,old LeadScout v1 data files,no
renotec.be,old LeadScout v1 data files,no
safran-group.com,old LeadScout v1 data files,no
safrangroup.com,old LeadScout v1 data files,no
semcomaritime.com,old LeadScout v1 data files,no
shipyard.dk,old LeadScout v1 data files,no
siemensgamesa.com,old LeadScout v1 data files,no
sif-group.com,old LeadScout v1 data files,no
smulders.com,old LeadScout v1 data files,no
soeby-shipyard.dk,old LeadScout v1 data files,no
spencer-ogden.com,old LeadScout v1 data files,no
stadsbader.com,old LeadScout v1 data files,no
stegra.com,old LeadScout v1 data files,no
stepstone.be,old LeadScout v1 data files,no
taylorhopkinson.com,old LeadScout v1 data files,no
terma.com,old LeadScout v1 data files,no
thyssenkrupp-nucera.com,old LeadScout v1 data files,no
trixxo.be,old LeadScout v1 data files,no
tuco.dk,old LeadScout v1 data files,no
uniper.energy,old LeadScout v1 data files,no
unique.be,old LeadScout v1 data files,no
valmontsm.dk,old LeadScout v1 data files,no
vangogh.dk,old LeadScout v1 data files,no
vanhout.be,old LeadScout v1 data files,no
vestas.com,old LeadScout v1 data files,no
willemen.be,old LeadScout v1 data files,no
willemenconstruct.be,old LeadScout v1 data files,no
wolfsonrecruitment.be,old LeadScout v1 data files,no
